,precision,recall,f1-score,support
0,0.8753022452504318,0.9417740336967294,0.9073223130631974,8072.0
1,0.5965665236051502,0.390888638920135,0.47230716955487595,1778.0
accuracy,0.8423350253807107,0.8423350253807107,0.8423350253807107,0.8423350253807107
macro avg,0.735934384427791,0.6663313363084322,0.6898147413090367,9850.0
weighted avg,0.8249883251402479,0.8423350253807107,0.8287987673618984,9850.0
