,precision,recall,f1-score,support
0,0.8745093511891018,0.9384291377601586,0.9053424166367874,8072.0
1,0.5816498316498316,0.38863892013498313,0.4659474039109912,1778.0
accuracy,0.8391878172588833,0.8391878172588833,0.8391878172588833,0.8391878172588833
macro avg,0.7280795914194667,0.6635340289475709,0.6856449102738893,9850.0
weighted avg,0.8216459780174447,0.8391878172588833,0.8260282711924761,9850.0
