,precision,recall,f1-score,support
0,0.8689880051240247,0.9244301288404361,0.8958520919623026,8072.0
1,0.5170229612034838,0.3672665916760405,0.42946399210785924,1778.0
accuracy,0.8238578680203046,0.8238578680203046,0.8238578680203046,0.8238578680203046
macro avg,0.6930054831637542,0.6458483602582383,0.6626580420350809,9850.0
weighted avg,0.8054556347594845,0.8238578680203046,0.8116654887601503,9850.0
