,precision,recall,f1-score,support
0,0.9404670660555912,0.7452927249513468,0.8315814223672927,80673.0
1,0.40475086906141367,0.7859151760602993,0.5343225362346552,17778.0
accuracy,0.7526282109882073,0.7526282109882073,0.7526282109882073,0.7526282109882073
macro avg,0.6726089675585024,0.765603950505823,0.682951979300974,98451.0
weighted avg,0.8437289674058823,0.7526282109882073,0.7779032629004917,98451.0
