,precision,recall,f1-score,support
0,0.8717978173463526,0.9401635282457879,0.9046909459378911,8072.0
1,0.5781659388646289,0.37232845894263217,0.45295928840232635,1778.0
accuracy,0.8376649746192893,0.8376649746192893,0.8376649746192893,0.8376649746192893
macro avg,0.7249818781054908,0.65624599359421,0.6788251171701087,9850.0
weighted avg,0.818795027504677,0.8376649746192893,0.8231499421715729,9850.0
