,precision,recall,f1-score,support
0,0.953182173573104,0.7555935690999467,0.8429641205064201,80673.0
1,0.4285093185704762,0.8315896051299358,0.5655808259530596,17778.0
accuracy,0.7693167159297518,0.7693167159297518,0.7693167159297518,0.7693167159297518
macro avg,0.6908457460717901,0.7935915871149413,0.7042724732297398,98451.0
weighted avg,0.8584382500351337,0.7693167159297518,0.7928750385207658,98451.0
