,precision,recall,f1-score,support
0,0.9524850491076308,0.7561389808238196,0.843030487299262,80673.0
1,0.4282434317600558,0.8288333895826302,0.5647108419882727,17778.0
accuracy,0.7692659292439894,0.7692659292439894,0.7692659292439894,0.7692659292439894
macro avg,0.6903642404338433,0.7924861852032249,0.7038706646437674,98451.0
weighted avg,0.8578189972320257,0.7692659292439894,0.7927723217718549,98451.0
