,precision,recall,f1-score,support
0,0.8747275438797751,0.944623389494549,0.9083328369765918,8072.0
1,0.6054721977052074,0.3858267716535433,0.47131569907248366,1778.0
accuracy,0.843756345177665,0.843756345177665,0.843756345177665,0.843756345177665
macro avg,0.7400998707924913,0.6652250805740462,0.6898242680245378,9850.0
weighted avg,0.8261249037276552,0.843756345177665,0.8294479160432411,9850.0
